<?xml version="1.0" encoding="UTF-8"?>
<!-- 

-->
<model package="taxonomies" version="1.0" baseClass="xPDOObject" platform="mysql" defaultEngine="MyISAM">

    <!-- ! Taxonomy (e.g. categories, tags): a container for Terms -->
    <object class="Taxonomy" extends="modResource">
        <composite alias="Terms" class="Term" local="id" foreign="parent" cardinality="many" owner="local" />
        <validation>
            <rule field="parent" name="parent" type="xPDOValidationRule" rule="TaxonomyParents" message="Invalid parent" />
        </validation>
    </object>
    <!-- ! Terms -->
    <object class="Term" extends="modResource">
        <aggregate alias="Taxonomy" class="Taxonomy" local="parent" foreign="id" cardinality="one" owner="foreign" />
        <!-- children terms of terms? -->
        <validation>
            <rule field="parent" name="parent" type="xPDOValidationRule" rule="TermParents" message="Invalid parent" />
        </validation>
    </object>
    
	
    <!-- ! PageTaxonomy -->
    <!-- for enabling taxonomies at the page level -->
	<!--object class="PageTaxonomy" table="page_taxonomies" extends="xPDOSimpleObject">
		<field key="page_id" dbtype="int" precision="11" phptype="integer" null="false"/>
        <field key="taxonomy_id" dbtype="int" precision="11" phptype="integer" null="false"/>
		<field key="seq" dbtype="tinyint" precision="3" phptype="integer" null="true" />		
		<index alias="PRIMARY" name="PRIMARY" primary="true" unique="true">
			<column key="id" length="" collation="A" null="false" />
		</index>
        <index alias="pagetaxonomy" name="pagetaxonomy" primary="false" unique="true" type="BTREE">
			<column key="page_id" length="" collation="A" null="false" />        
			<column key="taxonomy_id" length="" collation="A" null="false" />
		</index>
        <aggregate alias="Taxonomy" class="Taxonomy" local="taxonomy_id" foreign="id" cardinality="one" owner="foreign" />
        <aggregate alias="page" class="page" local="page_id" foreign="page_id" cardinality="one" owner="foreign" />
                
	</object-->
	    
    <!-- ! PageTerm 
    Join table for adding tags/categories to pages 
    -->
	<object class="PageTerm" table="page_terms" extends="xPDOSimpleObject">
		<field key="page_id" dbtype="int" precision="11" phptype="integer" null="false"/>
        <field key="term_id" dbtype="int" precision="11" phptype="integer" null="false"/>
        <field key="seq" dbtype="tinyint" precision="3" phptype="integer" null="true" />
		<index alias="PRIMARY" name="PRIMARY" primary="true" unique="true">
			<column key="id" length="" collation="A" null="false" />
		</index>
		<!-- no sense in adding the same relation twice... -->
        <index alias="pageterm" name="pageterm" primary="false" unique="true" type="BTREE">
			<column key="page_id" length="" collation="A" null="false" />        
			<column key="term_id" length="" collation="A" null="false" />
		</index>
        <aggregate alias="Term" class="Term" local="term_id" foreign="id" cardinality="one" owner="foreign" />
        <aggregate alias="Page" class="modResource" local="page_id" foreign="id" cardinality="one" owner="foreign" />
	</object>
    
</model>